meetId,sum,mean,std,meeting_success,no_ans
12,97.0,8.083333333333334,1.8319554050414562,Very good meeting,2
54,115.0,7.1875,3.8335144884731207,Good meeting,2
212,66.0,8.25,1.4880476182856899,Very good meeting,2
222,74.0,9.25,0.8864052604279185,Very good meeting,2
223,34.0,4.25,1.0350983390135313,Satisfactory meeting,2
225,24.0,3.0,1.1952286093343936,Rather bad meeting,2
229,26.0,6.5,4.358898943540674,Good meeting,1
231,14.0,7.0,0.0,Good meeting,1
